1,50-110 Bajaj
2,111-250 Bajaj
3,251-650 Bmw
4,651-1000 Bmw
5,1001-2000 Bmw
6,651-1000 Can Am
7,50-110 Carabela
8,111-250 Carabela
9,111-250 Dinamo
10,651-1000 Ducati
11,1001-2000 Ducati
12,50-110 Gilera
13,111-250 Gilera
14,111-250 Harley-Davidson
15,651-1000 Harley-Davidson
16,1001-2000 Harley-Davidson
17,50-110 Honda
18,50-110 Aprilia
19,111-250 Aprilia
20,111-250 Argo
21,251-650 Bajaj
22,651-1000 Aprilia
23,111-250 Honda
24,251-650 Honda
25,651-1000 Honda
26,1001-2000 Honda
27,251-650 Husqvarna
28,50-110 Islo
29,50-110 Italika
30,111-250 Italika
31,111-250 Izuka
32,251-650 Izuka
33,251-650 Kamaji
34,251-650 Kawasaki
35,1001-2000 Kawasaki
36,50-110 Ktm
37,111-250 Ktm
38,251-650 Cagiva
39,50-110 Can Am
40,251-650 Harley-Davidson
41,251-650 Buell
42,251-650 Can Am
43,JETTA-CLASICO Volkswagen
44,651-1000 Buell
45,111-250 Cagiva
46,50-110 Dinamo
47,251-650 Ktm
48,111-250 Motos Toro
49,651-1000 Mv Agusta
50,50-110 Piaggio
51,111-250 Piaggio
52,251-650 Piaggio
53,1001-2000 Polaris
54,111-250 Qlink
55,111-250 Suzuki
56,251-650 Suzuki
57,651-1000 Suzuki
58,1001-2000 Suzuki
59,111-250 Tank
60,651-1000 Triumph
61,50-110 Vento
62,111-250 Islo
63,111-250 Vento
64,111-250 Vespa
65,50-110 Windsor
66,50-110 Yamaha
67,111-250 Yamaha
68,111-250 Kamaji
69,111-250 Kawasaki
70,651-1000 Kawasaki
71,50-110 Motos Toro
72,251-650 Motos Toro
73,651-1000 Polaris
74,50-110 Suzuki
75,251-650 Yamaha
76,651-1000 Yamaha
77,111-250 Sachs
78,111-250 Xcess
79,251-650 Benelli
80,111-250 Benelli
81,50-110 Tvs
82,111-250 Tvs
83,50-110 Kurazai
84,MOTOCICLETAS Turistas
85,MOTOCICLETAS Otros
86,251-650 Triumph
87,1001-2000 Triumph
88,251-650 Vento
89,251-650 Vespa
90,251-650 Polaris
91,50-110 Kawasaki
92,1001-2000 Mv Agusta
93,50-110 Polaris
94,251-650 Italika
95,50-110 Izuka
96,111-250 Bengala
97,1001-2000 Yamaha
98,111-250 Moto Guzzi
99,50-110 Zanetti
100,251-650 Gelly
101,111-250 Kurazai
102,111-250 Kumoto
103,OTROS Otros
104,50-110 Kymco
105,651-1000 Moto Guzzi
106,111-250 Dream
107,1001-2000 Bimota
108,1001-2000 Moto Guzzi
109,50-110 Kumoto
110,1001-2000 Can Am
111,50-110 Dinli
112,TL Acura
113,RL Acura
114,MDX Acura
115,RDX Acura
116,TSX Acura
117,ZDX Acura
118,CL Acura
119,ILX Acura
120,RLX Acura
121,TLX Acura
122,147 Alfa Romeo
123,156 Alfa Romeo
124,GT Alfa Romeo
125,159 Alfa Romeo
126,GTV Alfa Romeo
127,Brera Alfa Romeo
128,Mito Alfa Romeo
129,Giulietta Alfa Romeo
130,Vantage Aston Martin
131,Vanquish Aston Martin
132,A4 Audi
133,A8 Audi
134,A3 Audi
135,A6 Audi
136,S6 Audi
137,RS6 Audi
138,Q7 Audi
139,A5 Audi
140,Q5 Audi
141,S5 Audi
142,RS5 Audi
143,Allroad Audi
144,A7 Audi
145,S1 Audi
146,S7 Audi
147,Q3 Audi
148,RS7 Audi
149,D20 Baic
150,Continental Bentley
151,Serie 1 Bmw
152,Serie 3 Bmw
153,Serie 5 Bmw
154,Serie Z Bmw
155,X5 Bmw
156,X6 Bmw
157,X1 Bmw
158,Serie M Bmw
159,Serie 2 Bmw
160,X4 Bmw
161,i3 Bmw
162,i8 Bmw
163,Century Buick
164,Regal Buick
165,Enclave Buick
166,Lacrosse Buick
167,Verano Buick
168,Encore Buick
169,Envision Buick
170,Catera Cadillac
171,Sts Y Cts Cadillac
172,Escalade Cadillac
173,SRX Cadillac
174,BLS Cadillac
175,XRL Cadillac
176,Deville Cadillac
177,Seville Cadillac
178,Dorado Cadillac
179,ATS Cadillac
180,XT5 Cadillac
181,Escalade Pick Up Cadillac
182,Dart K Volare K Chrysler
183,Cordoba Monaco Le Baron Chrysler
184,600 Chrysler
185,Phantom Chrysler
186,Volare Super Bee Stealth Chrysler
187,Ram Charger Chrysler
188,Shadow Chrysler
189,Spirit Chrysler
190,Imperial Chrysler
191,Voyager Chrysler
192,Concorde Chrysler
193,Jeep Wrangler Chrysler
194,Jeep Grand Cherokee Chrysler
195,New Yorker Lh Chrysler
196,Intrepid Chrysler
197,Neon Chrysler
198,Stratus Y Breeze Chrysler
199,Ram Pasajeros Chrysler
200,Cirrus Chrysler
201,Sebring - Rt Chrysler
202,Durango Chrysler
203,Pt Cruiser Chrysler
204,Magnum Chrysler
205,Atos Chrysler
206,Jeep Liberty Chrysler
207,Pacifica Chrysler
208,Viper Chrysler
209,Crossfire Chrysler
210,Verna Chrysler
211,Jeep Commander Chrysler
212,Charger Chrysler
213,Attitude Chrysler
214,Caliber Chrysler
215,Avenger Chrysler
216,Nitro Chrysler
217,Jeep Compass Chrysler
218,Aspen Chrysler
219,Jeep Patriot Chrysler
220,Journey Chrysler
221,Challenger Chrysler
222,Jeep Cherokee Chrysler
223,H100 Pasajeros Chrysler
224,I 10 Chrysler
225,300 Chrysler
226,200 Chrysler
227,Jeep J-364 Chrysler
228,Dart Chrysler
229,Jeep Wagoneer Chrysler
230,Town & Country Chrysler
231,Vision Chrysler
232,Grand Caravan Chrysler
233,D-350 Estacas Chasis Cab Ram Estacas  Chrysler
234,Ram Pick Up Chrysler
235,H100 Estacas -D-100 Estacas Chrysler
236,Ram Van H100 Van Chrysler
237,C Citroen
238,F1 Faw
239,F5 Faw
240,F4 Faw
241,GF8 Faw
242,GF70 Faw
243,GF60 Faw
244,California Ferrari
245,430 Ferrari
246,599 Ferrari
247,Modena Ferrari
248,575 Ferrari
249,458 Ferrari
250,Palio Adventure Fiat
251,Panda Fiat
252,Grande Punto Fiat
253,Stilo Shumacher Fiat
254,Idea Fiat
255,Albea Fiat
256,Bravo Fiat
257,Linea Fiat
258,UNO Fiat
259,500X Fiat
260,500L Fiat
261,Pinto Maverick Fairmont Topaz Ford
262,Cougar Ford
263,Thunderbird Ford
264,Taurus Ford
265,Carry All Ford
266,Aerostar Ford
267,Explorer Ford
268,Escort Ford
269,Windstar Ford
270,Contour Ford
271,Expedition Ford
272,Fiesta Ford
273,Escape Ford
274,Excursion Ford
275,Mondeo Ford
276,Ikon Ford
277,KA Ford
278,Crown Victoria Ford
279,Ecosport Ford
280,Freestar Ford
281,Five Hundred Ford
282,Fusion Ford
283,Edge Ford
284,Transit Pasajeros Ford
285,Econoline Pasajeros Ford
286,Mustang Ford
287,Interceptor Ford
288,Figo Ford
289,Ranger Pick Up Ford
290,Lobo King Ranch Pick Up Ford
291,Chevelle Nova Caprice Opel General Motors
292,Citation Celebrity Impala General Motors
293,Suburban Carry All General Motors
294,Cutlass General Motors
295,Blazer General Motors
296,Silhouette General Motors
297,Firebird Trans Am General Motors
298,Chevy General Motors
299,Eighty Eight General Motors
300,Bonneville General Motors
301,Cavalier General Motors
302,Lumina General Motors
303,Camaro General Motors
304,Gran Prix General Motors
305,Venture General Motors
306,Malibu General Motors
307,Sunfire General Motors
308,Gran Am General Motors
309,Impala General Motors
310,Tigra General Motors
311,Astra General Motors
312,Aztek General Motors
313,Sonora General Motors
314,Corsa General Motors
315,Meriva General Motors
316,Vectra General Motors
317,Matiz General Motors
318,G6 General Motors
319,Equinox General Motors
320,G4 General Motors
321,Solstice General Motors
322,Montana General Motors
323,HHR General Motors
324,G3 General Motors
325,Torrent General Motors
326,Yukon General Motors
327,Tahoe General Motors
328,Optra General Motors
329,Trail Blazer General Motors
330,Matiz G2 General Motors
331,G5 General Motors
332,Acadia General Motors
333,Captiva General Motors
334,Aveo General Motors
335,Traverse General Motors
336,Epica General Motors
337,Cruze General Motors
338,Spark General Motors
339,Terrain General Motors
340,Sonic General Motors
341,Trax General Motors
342,Volt General Motors
343,C-35 Kodiak 4 X 2 Caja Seca General Motors
344,Avalanche Pick Up General Motors
345,S-10 Pick Up General Motors
346,Cheyenne Cheyenne Ss Pick Up General Motors
347,Tornado Chevy Pick Up General Motors
348,Accord Honda
349,Civic Honda
350,Odyssey Honda
351,CRV Honda
352,Pilot Honda
353,FIT Honda
354,City Honda
355,Element Honda
356,Crosstour Honda
357,Cr-Z Honda
358,Hr-V Honda
359,H3 Hummer
360,H2 Hummer
361,Sonata Hyundai
362,Elantra Hyundai
363,Grand I10 Hyundai
364,Ix35 Hyundai
365,Genessis Hyundai
366,Santa Fe Hyundai
367,Veloster Hyundai
368,Tucson Hyundai
369,Creta Hyundai
370,G37 Infiniti
371,JX Infiniti
372,M Infiniti
373,Q50 Infiniti
374,FX Infiniti
375,Q70 Infiniti
376,Qx56 Infiniti
377,Qx60 Infiniti
378,Qx70 Infiniti
379,Qx80 Infiniti
380,Q60 Infiniti
381,Qx30 Infiniti
382,S Jaguar
383,XF Jaguar
384,X Jaguar
385,XJ Jaguar
386,XK Jaguar
387,F Jaguar
388,XE Jaguar
389,F-Pace Jaguar
390,Forte Kia
391,Sorento Kia
392,Sportage Kia
393,Optima Kia
394,RIO Kia
395,Soul Kia
396,Gallardo Lamborghini
397,Murcielago Lamborghini
398,Aventador Lamborghini
399,Huracan Lamborghini
400,Discovery Land Rover
401,Freelander Land Rover
402,LR Land Rover
403,Range Rover Land Rover
404,Defender Land Rover
405,Evoque Land Rover
406,Discovery Sport Land Rover
407,Range Rover Sport Land Rover
408,Lexus Lexus
409,Navigator Lincoln
410,Aviator Lincoln
411,Continental Lincoln
412,LS Lincoln
413,Zephyr Lincoln
414,MKZ Lincoln
415,MKX Lincoln
416,MKS Lincoln
417,MKC Lincoln
418,Mark Lt Pick Up Lincoln
419,Lotus Lotus
420,Gran Turismo Maserati
421,Quattroporte Maserati
422,GT Maserati
423,Coupe Maserati
424,Gran Cabrio Maserati
425,Chibli Maserati
426,3 Mazda
427,6 Mazda
428,5 Mazda
429,CX7 Mazda
430,CX9 Mazda
431,MX5 Mazda
432,2 Mazda
433,CX5 Mazda
434,Cx-3 Mazda
435,Clase A Mercedes Benz
436,Clase B Mercedes Benz
437,Clase C Mercedes Benz
438,Clase Cl Mercedes Benz
439,Clase Cls Mercedes Benz
440,Clase E Mercedes Benz
441,Clase S Mercedes Benz
442,Clase G Mercedes Benz
443,Clase Ml Mercedes Benz
444,Sprinter Pasajeros Mercedes Benz
445,Smart Mercedes Benz
446,Clase Sls Mercedes Benz
447,Clase Clk Mercedes Benz
448,Clase Gl Mercedes Benz
449,Clase Glk Mercedes Benz
450,Clase Sl Mercedes Benz
451,Clase Slk Mercedes Benz
452,Clase R Mercedes Benz
453,Vito Mercedes Benz
454,Viano Mercedes Benz
455,Clase Slr Mercedes Benz
456,Clase Cla Mercedes Benz
457,Clase Gla Mercedes Benz
458,Clase Glc Mercedes Benz
459,Clase Gle Mercedes Benz
460,Amg Gt Mercedes Benz
461,Clase V Mercedes Benz
462,Sprinter Cargo Van (316 315) Mercedes Benz
463,Clase Slc Mercedes Benz
464,Clase Gls Mercedes Benz
465,Sable Mercury
466,Mystique Mercury
467,Mariner Mercury
468,Montego Mercury
469,Milan Mercury
470,Grand Marquis Mod. 2000 Al 2004 Mercury
471,Mountaineer Mercury
472,Eclipse Mitsubishi
473,Galant Mitsubishi
474,Lancer Mitsubishi
475,Montero Mitsubishi
476,Outlander Mitsubishi
477,Spacestar Mitsubishi
478,Endeavor Mitsubishi
479,Grandis Mitsubishi
480,ASX Mitsubishi
481,Mirage Mitsubishi
482,Datsun Nissan
483,Tsuru Nissan
484,Ichi Van Pasajeros Nissan
485,Hikari Nissan
486,Samurai Sakura Nissan
487,Maxima Nissan
488,300Zx Nissan
489,240Sx Nissan
490,Tsubame Nissan
491,Sentra Nissan
492,Altima Nissan
493,Pathfinder Nissan
494,Quest Nissan
495,Urvan Pasajeros Nissan
496,Xterra Nissan
497,Almera Nissan
498,Xtrail Nissan
499,Platina Nissan
500,350Z Nissan
501,Murano Nissan
502,Micra Nissan
503,Aprio Nissan
504,Tiida Nissan
505,Rogue Nissan
506,370Z Nissan
507,March Nissan
508,Versa Nissan
509,Juke Nissan
510,Leaf Nissan
511,Gt-R Nissan
512,Note Nissan
513,Nv 350 Nissan
514,Kicks Nissan
515,Cabstar Caja Seca Estandar Nissan
516,Estacas Corto Largo Chasis  Nissan
517,Pick-Up Corto Largo Doble King Nissan
518,306 Peugeot
519,405 Peugeot
520,206 Peugeot
521,307 Peugeot
522,406 Peugeot
523,607 Peugeot
524,407 Peugeot
525,Grand Raid Peugeot
526,207 Peugeot
527,308 Peugeot
528,3008 Peugeot
529,Expert Tepee Pasajeros Peugeot
530,RCZ Peugeot
531,Manager Pasajeros Peugeot
532,508 Peugeot
533,301 Peugeot
534,Partner Tepee Peugeot
535,208 Peugeot
536,2008 Peugeot
537,111-250 Peugeot
538,911 Porsche
539,Cayenne Porsche
540,Boxster Porsche
541,Cayman Porsche
542,Panamera Porsche
543,Macan Porsche
544,918 Porsche
545,718 Porsche
546,Renault Modelo 86 Y Anteriores Renault
547,Scenic Renault
548,Megane Renault
549,Clio Renault
550,Laguna Renault
551,Trafic Pasajeros Renault
552,Koleos Renault
553,Safrane Renault
554,Fluence Renault
555,Sandero Renault
556,Stepway Renault
557,Scala Renault
558,Kangoo Pasajeros Renault
559,Duster Renault
560,Logan Renault
561,Twizy Ze Renault
562,Kangoo Van Renault
563,75 Rover
564,MG Rover
565,43168 Saab
566,43229 Saab
567,Ibiza Seat
568,Cordoba Seat
569,Leon Seat
570,Toledo Seat
571,Alhambra Seat
572,Altea Seat
573,Freetrack Seat
574,Cupra Seat
575,Exeo Seat
576,Legacy Subaru
577,Outback Subaru
578,B9 Tribeca Subaru
579,Forester Subaru
580,Impreza Subaru
581,XV Subaru
582,WRX Subaru
583,BRZ Subaru
584,Aerio Suzuki
585,Grand Vitara Suzuki
586,Swift Suzuki
587,XL7 Suzuki
588,SX4 Suzuki
589,Kizashi Suzuki
590,S Cross Suzuki
591,Ciaz Suzuki
592,Vitara Suzuki
593,X Tesla
594,Camry Toyota
595,Corolla Toyota
596,Matrix Toyota
597,4 Runner Toyota
598,Land Cruiser Toyota
599,Rav4 Toyota
600,Sienna Toyota
601,Yaris Toyota
602,MR2 Toyota
603,Hiace Toyota
604,Solara Toyota
605,Fj Cruiser Toyota
606,Avanza Toyota
607,Highlander Toyota
608,Sequoia Toyota
609,Rush Toyota
610,Prius Toyota
611,Avensis Toyota
612,Tundra Pick Up Toyota
613,Caribe Brasilia Safari Volkswagen
614,Combi Volkswagen
615,Atlantic Volkswagen
616,Corsar Variant Volkswagen
617,Passat Volkswagen
618,Derby Volkswagen
619,Pointer Volkswagen
620,Beetle Volkswagen
621,Jetta-Clasico Volkswagen
622,Golf Volkswagen
623,Polo Volkswagen
624,Touareg Volkswagen
625,Lupo Volkswagen
626,Bora Volkswagen
627,Crossfox Volkswagen
628,Sportvan Volkswagen
629,Golf Gti Volkswagen
630,Routan Volkswagen
631,GOL Volkswagen
632,Tiguan Volkswagen
633,EOS Volkswagen
634,Jetta Nuevo Volkswagen
635,Crafter Pasajeros Volkswagen
636,Caddy Volkswagen
637,CC Volkswagen
638,UP Volkswagen
639,Crossgolf Volkswagen
640,Pointer Pick Up Volkswagen
641,Eurovan Panel Volkswagen
642,S40 Volvo
643,C70 Volvo
644,C30 Volvo
645,XC60 Volvo
646,S60 Volvo
647,S70 Volvo
648,S80 Volvo
649,V40 Volvo
650,XC90 Volvo
651,V50 Volvo
652,XC70 Volvo
653,Sprinter City Mercedez Benz
654,Sprinter Transfer Mercedez Benz
655,Sprinter Travel Mercedez Benz
656,Sprinter Mobility Mercedez Benz
657,Tourismo Mercedez Benz
658,9700 USCAN Volvo
659,9800 Volvo
660,9800 DD Volvo
661,7300 Volvo
662,RR2 Man
663,RR4 Man 
664,Midibus 8150 FEB Volkswagen
665,Midibus 9150 FEB Volkswagen
666,Midibus 8160 OD Volkswagen
667,Midibus 9160 OD Volkswagen
668,15190 OD Volkswagen
669,17230 OD Volkswagen
670,14190 SCD Volkswagen
671,17280 OT Volkswagen
672,18280 OT Volkswagen
673,i8 Irizar
674,i6S Irizar
675,i6 Irizar
676,i4 Irizar
677,i3le Irizar
678,Serie P Scania
679,Serie R Scania
680,Serie S Scania
681,TGX 26480 Man
682,TGX26540 Man
683,TGX Especial Man
684,TGS Especial Man
685,TGM Especial Man
686,ELF 100 Isuzu
687,ELF 200 Isuzu
688,ELF 300 Isuzu
689,Forward 800 Isuzu
690,Forward 1100 Isuzu
691,Serie 300 Hino
692,Serie 500 Hino
693,Serie 300 HÃ­brido Hino
694,Serie VNR Volvo
695,Serie VNL Volvo
696,Serie VAH Volvo
697,Actros Mercedez Benz
698,Actros SLT Mercedez Benz
